id;zero_am;zero_a_me_dez;zero_a_me_vinte;zero_a_me_trinta;zero_a_me_quarenta;zero_a_me_cinquenta;zero_pm;zero_p_me_dez;zero_p_me_vinte;zero_p_me_trinta;zero_p_me_quarenta;zero_p_me_cinquenta;um_am;um_a_me_dez;um_a_me_vinte;um_a_me_trinta;um_a_me_quarenta;um_a_me_cinquenta;um_pm;um_p_me_dez;um_p_me_vinte;um_p_me_trinta;um_p_me_quarenta;um_p_me_cinquenta;dois_am;dois_a_me_dez;dois_a_me_vinte;dois_a_me_trinta;dois_a_me_quarenta;dois_a_me_cinquenta;dois_pm;dois_p_me_dez;dois_p_me_vinte;dois_p_me_trinta;dois_p_me_quarenta;dois_p_me_cinquenta;tres_am;tres_a_me_dez;tres_a_me_vinte;tres_a_me_trinta;tres_a_me_quarenta;tres_a_me_cinquenta;tres_pm;tres_p_me_dez;tres_p_me_vinte;tres_p_me_trinta;tres_p_me_quarenta;tres_p_me_cinquenta;quatro_am;quatro_a_me_dez;quatro_a_me_vinte;quatro_a_me_trinta;quatro_a_me_quarenta;quatro_a_me_cinquenta;quatro_pm;quatro_p_me_dez;quatro_p_me_vinte;quatro_p_me_trinta;quatro_p_me_quarenta;quatro_p_me_cinquenta;cinco_am;cinco_a_me_dez;cinco_a_me_vinte;cinco_a_me_trinta;cinco_a_me_quarenta;cinco_a_me_cinquenta;cinco_pm;cinco_p_me_dez;cinco_p_me_vinte;cinco_p_me_trinta;cinco_p_me_quarenta;cinco_p_me_cinquenta;seis_am;seis_a_me_dez;seis_a_me_vinte;seis_a_me_trinta;seis_a_me_quarenta;seis_a_me_cinquenta;seis_pm;seis_p_me_dez;seis_p_me_vinte;seis_p_me_trinta;seis_p_me_quarenta;seis_p_me_cinquenta;sete_am;sete_a_me_dez;sete_a_me_vinte;sete_a_me_trinta;sete_a_me_quarenta;sete_a_me_cinquenta;sete_pm;sete_p_me_dez;sete_p_me_vinte;sete_p_me_trinta;sete_p_me_quarenta;sete_p_me_cinquenta;oito_am;oito_a_me_dez;oito_a_me_vinte;oito_a_me_trinta;oito_a_me_quarenta;oito_a_me_cinquenta;oito_pm;oito_p_me_dez;oito_p_me_vinte;oito_p_me_trinta;oito_p_me_quarenta;oito_p_me_cinquenta;nove_am;nove_a_me_dez;nove_a_me_vinte;nove_a_me_trinta;nove_a_me_quarenta;nove_a_me_cinquenta;nove_pm;nove_p_me_dez;nove_p_me_vinte;nove_p_me_trinta;nove_p_me_quarenta;nove_p_me_cinquenta;dez_am;dez_a_me_dez;dez_a_me_vinte;dez_a_me_trinta;dez_a_me_quarenta;dez_a_me_cinquenta;dez_pm;dez_p_me_dez;dez_p_me_vinte;dez_p_me_trinta;dez_p_me_quarenta;dez_p_me_cinquenta;onze_am;onze_a_me_dez;onze_a_me_vinte;onze_a_me_trinta;onze_a_me_quarenta;onze_a_me_cinquenta;onze_pm;onze_p_me_dez;onze_p_me_vinte;onze_p_me_trinta;onze_p_me_quarenta;onze_p_me_cinquenta
1;2022-06-14T20:40:15;2022-06-14T08:11:35;2022-06-14T16:24:29;2022-06-15T04:36:10;2022-06-15T05:14:09;2022-06-14T23:57:06;2022-06-15T07:24:30;2022-06-14T23:16:15;2022-06-14T19:19:43;2022-06-14T20:11:53;2022-06-14T14:59:01;2022-06-14T13:30:36;2022-06-14T16:31:41;2022-06-15T00:48:42;2022-06-14T09:35:14;2022-06-14T13:26:53;2022-06-14T15:42:11;2022-06-14T15:20:43;2022-06-14T11:04:19;2022-06-14T08:29:25;2022-06-15T01:08:06;2022-06-15T04:35:59;2022-06-14T10:28:05;2022-06-14T19:01:17;2022-06-14T17:01:32;2022-06-15T02:36:05;2022-06-14T18:56:32;2022-06-15T06:19:33;2022-06-15T01:26:58;2022-06-14T08:57:45;2022-06-14T19:05:37;2022-06-14T10:43:44;2022-06-14T14:23:19;2022-06-14T10:05:28;2022-06-14T23:17:13;2022-06-14T17:48:05;2022-06-14T19:26:35;2022-06-14T19:20:12;2022-06-14T17:35:05;2022-06-14T17:08:52;2022-06-15T03:42:49;2022-06-14T12:47:53;2022-06-14T14:37:39;2022-06-14T18:57:39;2022-06-15T06:45:44;2022-06-15T04:41:12;2022-06-14T23:01:31;2022-06-15T01:32:10;2022-06-15T02:50:53;2022-06-15T02:21:29;2022-06-14T12:00:55;2022-06-14T09:42:25;2022-06-14T17:38:38;2022-06-14T18:35:08;2022-06-15T05:38:30;2022-06-15T00:37:20;2022-06-15T07:12:57;2022-06-14T09:09:22;2022-06-14T12:12:02;2022-06-14T18:31:17;2022-06-15T06:31:50;2022-06-15T04:06:54;2022-06-14T16:48:39;2022-06-14T20:53:01;2022-06-14T21:44:57;2022-06-15T06:47:35;2022-06-15T07:03:16;2022-06-15T01:45:15;2022-06-15T00:47:15;2022-06-14T21:21:40;2022-06-14T20:36:48;2022-06-14T09:19:07;2022-06-15T04:49:51;2022-06-14T11:34:49;2022-06-15T07:09:02;2022-06-14T16:01:50;2022-06-15T04:20:28;2022-06-14T15:39:43;2022-06-14T15:30:31;2022-06-14T12:42:12;2022-06-15T07:25:10;2022-06-14T14:19:35;2022-06-14T14:30:29;2022-06-14T21:05:19;2022-06-14T23:21:39;2022-06-14T23:12:55;2022-06-14T09:43:35;2022-06-14T20:47:17;2022-06-15T00:00:32;2022-06-15T01:11:38;2022-06-15T02:28:41;2022-06-14T19:46:37;2022-06-14T22:09:09;2022-06-15T07:21:15;2022-06-14T17:33:04;2022-06-14T10:11:40;2022-06-14T18:59:18;2022-06-14T19:19:09;2022-06-14T21:11:26;2022-06-15T06:06:13;2022-06-15T06:04:19;2022-06-14T22:24:27;2022-06-14T07:28:06;2022-06-14T13:29:01;2022-06-14T13:24:15;2022-06-15T02:06:41;2022-06-15T07:07:56;2022-06-14T21:40:49;2022-06-14T16:30:57;2022-06-14T20:51:21;2022-06-14T18:47:36;2022-06-15T05:34:25;2022-06-14T14:13:09;2022-06-14T10:45:56;2022-06-15T03:28:44;2022-06-15T00:30:02;2022-06-14T12:35:52;2022-06-14T14:11:44;2022-06-15T00:03:49;2022-06-15T05:40:46;2022-06-14T16:20:58;2022-06-14T17:49:34;2022-06-15T02:02:57;2022-06-14T15:02:11;2022-06-14T08:40:51;2022-06-14T11:25:58;2022-06-15T01:47:49;2022-06-14T21:54:51;2022-06-14T19:44:48;2022-06-15T04:13:47;2022-06-14T10:45:36;2022-06-14T20:09:30;2022-06-14T07:52:06;2022-06-14T16:47:28;2022-06-15T06:29:35;2022-06-14T17:39:44;2022-06-14T20:37:47;2022-06-14T15:24:44;2022-06-15T06:43:40;2022-06-15T06:53:05;2022-06-14T15:41:44;2022-06-15T00:24:04;2022-06-14T22:25:24;2022-06-14T13:45:29
2;2022-06-15T03:36:05;2022-06-14T23:59:52;2022-06-14T22:39:51;2022-06-14T10:53:06;2022-06-14T23:58:39;2022-06-15T06:06:27;2022-06-14T18:31:05;2022-06-14T08:24:33;2022-06-14T15:07:46;2022-06-14T22:23:52;2022-06-15T03:59:52;2022-06-15T02:12:46;2022-06-14T11:04:06;2022-06-14T14:50:12;2022-06-15T03:35:05;2022-06-14T15:18:43;2022-06-14T23:34:52;2022-06-14T18:52:33;2022-06-14T13:28:19;2022-06-14T15:18:55;2022-06-15T05:43:08;2022-06-14T17:27:49;2022-06-15T02:25:33;2022-06-15T05:56:55;2022-06-15T00:56:52;2022-06-14T11:00:25;2022-06-14T15:44:43;2022-06-15T07:22:59;2022-06-14T14:37:06;2022-06-14T18:28:57;2022-06-14T09:47:47;2022-06-15T00:35:21;2022-06-14T13:59:49;2022-06-14T14:42:40;2022-06-15T05:31:00;2022-06-15T01:05:51;2022-06-14T12:47:32;2022-06-15T01:34:47;2022-06-14T15:30:33;2022-06-15T06:01:10;2022-06-14T14:21:30;2022-06-14T13:04:25;2022-06-14T16:41:16;2022-06-14T08:44:57;2022-06-15T05:35:59;2022-06-14T13:03:41;2022-06-15T01:05:16;2022-06-14T21:41:41;2022-06-14T14:04:46;2022-06-14T19:35:40;2022-06-15T04:24:18;2022-06-15T04:36:35;2022-06-15T07:02:49;2022-06-14T14:56:56;2022-06-15T04:38:43;2022-06-14T18:51:22;2022-06-14T10:27:18;2022-06-14T17:41:48;2022-06-14T15:22:14;2022-06-15T05:53:44;2022-06-14T14:52:16;2022-06-14T11:47:10;2022-06-15T01:11:41;2022-06-14T21:18:13;2022-06-14T12:33:33;2022-06-14T10:05:53;2022-06-15T03:24:03;2022-06-15T07:11:23;2022-06-14T18:50:58;2022-06-14T12:33:11;2022-06-14T07:46:05;2022-06-14T16:10:20;2022-06-14T10:25:38;2022-06-14T19:24:06;2022-06-14T07:58:27;2022-06-14T20:36:23;2022-06-14T17:55:49;2022-06-14T23:49:07;2022-06-14T16:11:38;2022-06-14T21:49:32;2022-06-14T08:13:06;2022-06-15T05:14:44;2022-06-14T15:02:03;2022-06-14T22:51:37;2022-06-14T11:48:14;2022-06-14T22:51:24;2022-06-14T14:18:27;2022-06-14T12:18:24;2022-06-15T03:24:14;2022-06-14T20:55:23;2022-06-14T15:33:07;2022-06-14T10:39:17;2022-06-15T04:42:49;2022-06-15T05:25:03;2022-06-15T05:03:41;2022-06-15T04:52:22;2022-06-14T12:16:55;2022-06-14T19:53:37;2022-06-14T18:10:43;2022-06-14T17:27:13;2022-06-14T23:36:38;2022-06-14T19:06:43;2022-06-14T10:01:53;2022-06-15T00:14:14;2022-06-14T09:18:04;2022-06-14T12:01:33;2022-06-14T20:58:54;2022-06-14T18:21:07;2022-06-15T01:44:04;2022-06-14T16:34:52;2022-06-14T11:51:42;2022-06-14T14:48:09;2022-06-14T07:44:51;2022-06-15T03:52:25;2022-06-15T04:49:45;2022-06-14T22:34:12;2022-06-14T14:36:48;2022-06-15T03:17:07;2022-06-14T15:09:29;2022-06-14T08:44:45;2022-06-14T23:54:59;2022-06-14T09:57:46;2022-06-15T02:27:02;2022-06-14T08:30:50;2022-06-15T01:28:23;2022-06-14T22:59:13;2022-06-14T10:20:28;2022-06-15T00:29:28;2022-06-14T07:41:19;2022-06-14T17:25:12;2022-06-14T16:00:51;2022-06-14T15:55:25;2022-06-14T20:32:03;2022-06-15T02:38:21;2022-06-14T17:47:53;2022-06-14T08:14:07;2022-06-14T18:48:13;2022-06-14T22:28:50;2022-06-14T11:47:43;2022-06-14T08:56:58;2022-06-14T17:01:36;2022-06-14T23:37:58;2022-06-14T10:46:34;2022-06-14T22:13:45
3;2022-06-14T08:43:31;2022-06-14T23:01:03;2022-06-14T17:31:58;2022-06-14T09:57:29;2022-06-14T17:26:09;2022-06-14T19:37:17;2022-06-14T11:51:09;2022-06-14T09:36:08;2022-06-15T05:52:14;2022-06-14T10:24:44;2022-06-14T18:11:09;2022-06-15T02:52:34;2022-06-15T07:05:19;2022-06-14T19:34:20;2022-06-15T01:21:07;2022-06-14T20:03:37;2022-06-14T07:48:25;2022-06-14T12:06:27;2022-06-15T03:35:40;2022-06-15T00:10:37;2022-06-14T12:05:30;2022-06-14T08:19:37;2022-06-14T15:12:13;2022-06-15T03:57:40;2022-06-15T07:07:29;2022-06-14T09:44:17;2022-06-15T04:03:42;2022-06-14T10:40:11;2022-06-14T23:11:34;2022-06-14T12:44:24;2022-06-14T22:21:11;2022-06-14T22:48:42;2022-06-14T21:12:22;2022-06-14T09:41:14;2022-06-15T02:16:32;2022-06-15T03:52:41;2022-06-15T02:18:23;2022-06-14T11:58:05;2022-06-14T08:31:22;2022-06-14T23:04:15;2022-06-14T19:28:15;2022-06-14T16:23:14;2022-06-14T18:19:00;2022-06-14T10:51:29;2022-06-14T20:13:54;2022-06-15T02:58:55;2022-06-14T19:44:08;2022-06-14T10:39:00;2022-06-15T03:11:56;2022-06-14T15:27:29;2022-06-14T21:46:12;2022-06-14T17:18:06;2022-06-15T02:21:16;2022-06-14T22:14:22;2022-06-14T18:59:46;2022-06-14T18:46:05;2022-06-14T18:18:16;2022-06-14T12:51:13;2022-06-15T05:52:51;2022-06-14T22:08:21;2022-06-15T02:31:22;2022-06-14T21:39:32;2022-06-14T22:47:21;2022-06-14T11:12:45;2022-06-15T03:55:17;2022-06-14T20:39:42;2022-06-14T17:50:09;2022-06-15T03:07:22;2022-06-14T18:58:02;2022-06-14T13:27:35;2022-06-14T10:52:12;2022-06-14T11:41:05;2022-06-14T16:58:21;2022-06-15T05:27:32;2022-06-14T16:27:03;2022-06-14T16:33:01;2022-06-14T17:22:33;2022-06-14T10:07:18;2022-06-15T04:54:25;2022-06-14T12:05:24;2022-06-14T14:43:39;2022-06-14T15:31:28;2022-06-15T03:40:14;2022-06-15T01:06:28;2022-06-15T00:54:23;2022-06-14T22:52:09;2022-06-14T14:50:53;2022-06-15T07:11:23;2022-06-14T13:59:24;2022-06-14T16:34:55;2022-06-14T16:49:58;2022-06-14T23:13:06;2022-06-14T22:42:42;2022-06-14T15:54:02;2022-06-14T19:17:06;2022-06-15T05:39:58;2022-06-14T21:21:34;2022-06-15T05:52:13;2022-06-14T16:00:56;2022-06-14T23:23:09;2022-06-14T08:11:57;2022-06-14T19:19:17;2022-06-14T10:12:34;2022-06-15T00:26:30;2022-06-14T09:46:13;2022-06-15T00:46:22;2022-06-14T14:02:57;2022-06-15T07:16:20;2022-06-14T18:02:28;2022-06-15T03:19:20;2022-06-14T08:03:49;2022-06-14T21:46:03;2022-06-14T09:47:56;2022-06-14T15:37:44;2022-06-14T08:20:58;2022-06-14T18:39:26;2022-06-14T23:04:03;2022-06-15T04:54:07;2022-06-15T01:32:47;2022-06-14T08:17:49;2022-06-14T19:10:31;2022-06-14T10:18:22;2022-06-14T22:10:07;2022-06-14T09:12:09;2022-06-14T21:58:01;2022-06-14T17:17:36;2022-06-14T23:38:43;2022-06-15T00:28:42;2022-06-14T10:12:39;2022-06-14T18:50:02;2022-06-15T06:32:25;2022-06-15T05:05:39;2022-06-14T14:20:50;2022-06-15T01:30:01;2022-06-14T22:52:26;2022-06-14T09:58:22;2022-06-14T14:46:22;2022-06-14T08:18:02;2022-06-14T12:33:56;2022-06-14T11:16:45;2022-06-15T04:10:25;2022-06-14T18:47:50;2022-06-14T09:44:27;2022-06-14T17:31:36
4;2022-06-14T10:31:15;2022-06-14T19:13:49;2022-06-14T17:06:54;2022-06-14T12:25:42;2022-06-15T05:47:55;2022-06-15T04:18:17;2022-06-14T15:45:55;2022-06-15T03:13:25;2022-06-15T04:47:50;2022-06-14T15:35:33;2022-06-14T11:48:23;2022-06-14T16:40:54;2022-06-15T03:34:28;2022-06-15T06:47:35;2022-06-15T06:25:48;2022-06-14T17:51:22;2022-06-15T06:34:10;2022-06-14T18:08:45;2022-06-15T02:56:06;2022-06-14T08:11:10;2022-06-15T02:32:07;2022-06-14T08:31:53;2022-06-14T17:22:23;2022-06-14T18:12:00;2022-06-15T02:15:54;2022-06-14T11:20:07;2022-06-15T03:01:36;2022-06-14T20:14:16;2022-06-14T13:03:11;2022-06-14T12:07:14;2022-06-15T02:14:09;2022-06-15T03:23:04;2022-06-14T09:33:27;2022-06-14T07:47:55;2022-06-14T10:56:46;2022-06-14T16:02:07;2022-06-14T13:47:39;2022-06-14T09:21:05;2022-06-14T21:39:34;2022-06-14T07:37:03;2022-06-14T07:58:19;2022-06-14T14:05:33;2022-06-15T05:47:26;2022-06-14T21:03:28;2022-06-14T09:19:17;2022-06-14T21:19:36;2022-06-14T21:00:19;2022-06-14T07:55:38;2022-06-14T14:48:14;2022-06-14T14:34:14;2022-06-14T07:36:56;2022-06-14T13:54:08;2022-06-15T01:08:06;2022-06-14T16:27:41;2022-06-15T06:27:35;2022-06-14T09:59:51;2022-06-15T06:49:39;2022-06-14T12:29:45;2022-06-14T19:09:28;2022-06-14T10:04:36;2022-06-14T15:12:02;2022-06-14T09:24:40;2022-06-14T10:52:21;2022-06-15T05:36:08;2022-06-15T05:47:54;2022-06-14T11:52:07;2022-06-15T02:01:38;2022-06-14T13:05:44;2022-06-14T10:37:52;2022-06-15T04:32:17;2022-06-15T04:34:13;2022-06-14T22:22:40;2022-06-14T08:31:27;2022-06-15T06:36:21;2022-06-15T07:19:36;2022-06-14T15:09:07;2022-06-15T00:11:53;2022-06-14T12:34:18;2022-06-14T10:52:01;2022-06-14T12:57:24;2022-06-14T11:23:11;2022-06-14T14:58:39;2022-06-14T07:53:48;2022-06-14T09:17:12;2022-06-14T12:34:35;2022-06-14T09:36:32;2022-06-14T12:51:41;2022-06-14T19:27:22;2022-06-15T06:49:21;2022-06-14T08:21:37;2022-06-14T12:04:16;2022-06-14T12:55:59;2022-06-15T05:46:56;2022-06-14T19:24:04;2022-06-14T10:48:51;2022-06-14T21:37:15;2022-06-14T18:49:24;2022-06-14T13:01:01;2022-06-15T03:31:48;2022-06-14T13:16:15;2022-06-15T02:17:52;2022-06-14T08:06:51;2022-06-15T06:13:59;2022-06-14T10:12:22;2022-06-14T16:32:50;2022-06-14T09:25:01;2022-06-15T06:35:27;2022-06-15T02:59:22;2022-06-14T18:43:38;2022-06-15T06:06:38;2022-06-15T03:06:15;2022-06-14T23:31:28;2022-06-14T11:33:15;2022-06-14T17:36:04;2022-06-14T12:18:06;2022-06-14T14:32:14;2022-06-14T11:05:54;2022-06-15T00:44:25;2022-06-14T20:56:05;2022-06-14T22:23:50;2022-06-15T02:34:53;2022-06-14T21:00:44;2022-06-15T02:05:48;2022-06-14T13:04:47;2022-06-15T06:54:46;2022-06-14T23:12:12;2022-06-14T20:35:39;2022-06-14T15:54:32;2022-06-14T21:11:16;2022-06-15T01:20:14;2022-06-14T17:12:21;2022-06-14T13:52:32;2022-06-14T13:48:43;2022-06-14T12:00:41;2022-06-14T17:18:49;2022-06-14T19:17:36;2022-06-14T07:57:37;2022-06-15T06:38:04;2022-06-15T02:22:43;2022-06-14T10:09:00;2022-06-14T14:09:34;2022-06-14T17:37:04;2022-06-14T15:44:10;2022-06-15T00:00:17
5;2022-06-15T03:06:56;2022-06-14T16:02:03;2022-06-14T18:52:31;2022-06-14T23:47:24;2022-06-14T07:46:20;2022-06-15T00:42:10;2022-06-14T10:50:38;2022-06-14T10:21:23;2022-06-14T12:20:19;2022-06-14T20:42:47;2022-06-14T09:50:04;2022-06-14T07:44:32;2022-06-15T05:08:02;2022-06-14T16:14:02;2022-06-14T21:30:46;2022-06-15T04:14:18;2022-06-14T09:48:54;2022-06-14T11:44:56;2022-06-14T22:21:32;2022-06-14T20:49:24;2022-06-14T18:53:21;2022-06-15T00:45:14;2022-06-14T20:48:49;2022-06-14T23:12:06;2022-06-15T03:27:58;2022-06-14T19:21:16;2022-06-14T12:37:13;2022-06-15T03:51:20;2022-06-14T07:55:00;2022-06-14T11:46:31;2022-06-14T19:51:06;2022-06-14T07:34:32;2022-06-14T20:19:28;2022-06-15T03:26:17;2022-06-14T23:11:55;2022-06-14T14:04:58;2022-06-14T13:28:10;2022-06-15T06:59:42;2022-06-14T12:13:10;2022-06-15T06:45:36;2022-06-15T01:24:33;2022-06-15T03:31:25;2022-06-14T13:15:59;2022-06-14T18:00:21;2022-06-15T00:36:16;2022-06-14T17:36:03;2022-06-15T00:21:17;2022-06-14T18:24:06;2022-06-14T23:40:13;2022-06-14T08:53:06;2022-06-15T03:27:31;2022-06-15T02:21:26;2022-06-14T13:01:45;2022-06-14T21:13:37;2022-06-14T17:10:25;2022-06-15T02:08:10;2022-06-15T01:57:45;2022-06-14T12:23:57;2022-06-14T22:34:28;2022-06-14T10:31:15;2022-06-14T16:09:30;2022-06-15T06:00:47;2022-06-14T17:05:58;2022-06-14T09:52:44;2022-06-14T09:14:31;2022-06-15T06:52:05;2022-06-14T13:13:44;2022-06-15T05:17:52;2022-06-14T12:21:50;2022-06-14T14:18:24;2022-06-14T13:41:39;2022-06-14T15:31:58;2022-06-15T03:32:08;2022-06-14T20:39:12;2022-06-14T09:45:46;2022-06-14T09:37:21;2022-06-14T17:13:13;2022-06-14T23:06:05;2022-06-14T23:02:44;2022-06-14T09:59:59;2022-06-15T06:21:58;2022-06-14T20:21:17;2022-06-14T09:03:38;2022-06-15T04:24:49;2022-06-14T12:38:09;2022-06-14T16:59:02;2022-06-15T04:50:04;2022-06-14T12:50:41;2022-06-15T05:52:00;2022-06-15T00:35:17;2022-06-14T16:21:01;2022-06-14T17:49:07;2022-06-14T22:28:28;2022-06-14T21:46:23;2022-06-14T15:36:58;2022-06-15T06:41:20;2022-06-14T18:53:23;2022-06-14T11:20:45;2022-06-14T14:16:41;2022-06-14T21:45:41;2022-06-14T08:43:59;2022-06-15T04:51:31;2022-06-15T04:12:21;2022-06-14T20:00:22;2022-06-14T10:48:15;2022-06-15T03:01:43;2022-06-15T00:24:27;2022-06-15T00:35:00;2022-06-14T17:11:18;2022-06-15T06:56:22;2022-06-14T10:41:42;2022-06-14T19:41:36;2022-06-14T15:15:46;2022-06-14T12:11:15;2022-06-14T19:00:32;2022-06-14T18:52:58;2022-06-15T03:45:42;2022-06-14T16:18:21;2022-06-15T05:39:36;2022-06-14T17:34:40;2022-06-14T10:57:10;2022-06-14T10:06:39;2022-06-14T21:28:47;2022-06-15T04:07:04;2022-06-14T23:43:00;2022-06-14T19:16:38;2022-06-14T11:06:06;2022-06-14T16:23:02;2022-06-14T16:07:32;2022-06-15T03:57:52;2022-06-14T08:26:30;2022-06-14T15:34:53;2022-06-14T23:56:03;2022-06-14T08:35:47;2022-06-14T22:35:21;2022-06-14T10:18:29;2022-06-14T19:26:56;2022-06-14T17:06:36;2022-06-14T12:29:36;2022-06-14T22:03:28;2022-06-14T15:32:17;2022-06-14T22:07:19;2022-06-14T21:37:41;2022-06-14T23:32:50
6;2022-06-15T03:36:48;2022-06-15T00:43:28;2022-06-14T20:00:21;2022-06-14T20:53:40;2022-06-15T02:50:26;2022-06-14T13:22:34;2022-06-15T07:26:48;2022-06-14T23:43:01;2022-06-14T18:58:39;2022-06-15T03:53:41;2022-06-15T03:35:44;2022-06-14T10:08:51;2022-06-14T23:20:03;2022-06-15T05:16:52;2022-06-15T02:15:54;2022-06-14T09:08:27;2022-06-14T21:21:50;2022-06-14T19:16:10;2022-06-15T02:38:40;2022-06-15T02:55:43;2022-06-15T06:39:22;2022-06-14T22:38:29;2022-06-15T04:37:58;2022-06-14T12:49:51;2022-06-14T16:26:50;2022-06-14T23:30:44;2022-06-14T17:24:21;2022-06-14T16:10:49;2022-06-14T14:24:33;2022-06-15T04:00:49;2022-06-14T23:16:41;2022-06-15T00:31:46;2022-06-14T08:59:55;2022-06-14T16:14:50;2022-06-14T18:38:30;2022-06-14T23:21:26;2022-06-14T14:56:04;2022-06-15T00:45:19;2022-06-14T09:59:35;2022-06-15T00:38:10;2022-06-14T19:37:52;2022-06-14T09:06:23;2022-06-14T18:23:24;2022-06-15T01:27:22;2022-06-14T21:53:29;2022-06-15T06:50:15;2022-06-14T17:26:30;2022-06-14T11:54:52;2022-06-15T04:29:17;2022-06-14T20:39:47;2022-06-14T13:29:15;2022-06-14T11:50:40;2022-06-14T20:05:06;2022-06-14T09:04:53;2022-06-15T00:13:04;2022-06-14T15:32:13;2022-06-14T09:46:52;2022-06-14T22:50:40;2022-06-15T00:22:24;2022-06-15T00:04:34;2022-06-14T12:21:09;2022-06-14T19:17:09;2022-06-14T16:00:50;2022-06-14T17:12:02;2022-06-14T13:07:32;2022-06-15T00:59:05;2022-06-14T09:19:33;2022-06-14T15:01:35;2022-06-15T06:14:15;2022-06-15T05:23:51;2022-06-15T06:01:15;2022-06-14T15:03:20;2022-06-15T00:21:33;2022-06-14T18:50:20;2022-06-14T11:03:39;2022-06-14T12:18:30;2022-06-15T05:03:33;2022-06-14T07:53:54;2022-06-15T06:05:21;2022-06-14T15:23:24;2022-06-14T11:09:33;2022-06-14T15:30:37;2022-06-14T16:15:56;2022-06-15T05:55:09;2022-06-14T18:45:53;2022-06-15T01:17:27;2022-06-14T17:38:23;2022-06-15T02:27:57;2022-06-14T11:15:51;2022-06-14T23:31:02;2022-06-15T01:18:11;2022-06-14T09:30:50;2022-06-14T23:04:54;2022-06-14T08:58:40;2022-06-14T10:05:50;2022-06-14T08:37:44;2022-06-14T10:41:53;2022-06-15T02:30:18;2022-06-14T19:22:44;2022-06-14T22:51:51;2022-06-15T05:41:53;2022-06-15T02:40:43;2022-06-14T12:00:43;2022-06-14T12:30:47;2022-06-14T16:21:03;2022-06-14T08:32:08;2022-06-14T15:10:44;2022-06-14T10:32:24;2022-06-14T18:21:20;2022-06-14T11:49:37;2022-06-14T23:48:01;2022-06-14T11:15:18;2022-06-14T18:24:03;2022-06-14T21:36:25;2022-06-14T13:01:50;2022-06-15T06:01:57;2022-06-14T09:54:38;2022-06-14T13:28:34;2022-06-14T12:32:32;2022-06-14T17:48:53;2022-06-14T15:53:13;2022-06-14T23:53:01;2022-06-14T16:36:12;2022-06-14T21:55:25;2022-06-14T19:13:56;2022-06-14T08:42:17;2022-06-15T06:54:00;2022-06-14T18:02:09;2022-06-14T22:25:15;2022-06-14T22:46:40;2022-06-14T12:20:38;2022-06-14T20:57:48;2022-06-14T08:08:34;2022-06-14T22:22:39;2022-06-14T19:21:38;2022-06-15T03:19:45;2022-06-15T03:24:44;2022-06-14T20:27:27;2022-06-14T09:35:10;2022-06-14T16:14:45;2022-06-14T08:24:14;2022-06-15T05:20:35;2022-06-14T18:15:46;2022-06-15T05:40:59
7;2022-06-15T01:03:45;2022-06-14T15:00:25;2022-06-15T03:36:03;2022-06-14T17:14:19;2022-06-14T17:36:59;2022-06-15T06:07:58;2022-06-14T19:54:59;2022-06-14T12:53:34;2022-06-14T20:27:52;2022-06-15T02:05:40;2022-06-14T16:12:31;2022-06-14T13:30:28;2022-06-14T21:22:40;2022-06-15T00:44:14;2022-06-14T19:56:11;2022-06-14T11:55:09;2022-06-15T05:47:56;2022-06-15T03:44:36;2022-06-14T09:26:23;2022-06-14T12:36:57;2022-06-14T19:28:56;2022-06-15T07:01:24;2022-06-14T15:03:33;2022-06-14T18:55:54;2022-06-14T17:37:33;2022-06-14T08:58:42;2022-06-15T02:40:48;2022-06-14T12:07:34;2022-06-15T02:11:33;2022-06-15T06:53:30;2022-06-15T01:42:46;2022-06-14T20:59:26;2022-06-14T09:21:07;2022-06-14T11:30:24;2022-06-14T23:49:35;2022-06-14T20:53:24;2022-06-15T02:57:03;2022-06-15T00:23:28;2022-06-14T14:16:06;2022-06-15T02:11:56;2022-06-15T06:38:21;2022-06-14T09:26:05;2022-06-15T02:18:00;2022-06-14T21:40:35;2022-06-14T22:11:39;2022-06-15T02:20:04;2022-06-14T14:30:11;2022-06-14T21:09:01;2022-06-14T10:45:56;2022-06-14T07:58:50;2022-06-15T00:17:25;2022-06-14T20:11:04;2022-06-15T03:51:32;2022-06-14T08:10:21;2022-06-14T13:24:23;2022-06-14T14:20:40;2022-06-14T16:40:25;2022-06-14T12:10:17;2022-06-15T04:02:11;2022-06-14T14:22:49;2022-06-14T14:11:10;2022-06-14T14:04:42;2022-06-15T03:47:19;2022-06-15T07:11:03;2022-06-14T22:38:02;2022-06-15T04:21:29;2022-06-14T12:06:35;2022-06-14T18:55:46;2022-06-15T05:52:34;2022-06-14T17:33:19;2022-06-14T22:25:37;2022-06-15T01:05:22;2022-06-15T03:07:26;2022-06-14T16:36:26;2022-06-14T13:42:39;2022-06-14T10:45:25;2022-06-14T23:06:45;2022-06-14T21:00:43;2022-06-14T16:50:10;2022-06-14T12:11:47;2022-06-14T21:20:55;2022-06-14T16:53:31;2022-06-14T09:08:16;2022-06-14T21:51:02;2022-06-14T21:58:10;2022-06-14T18:59:20;2022-06-14T15:54:30;2022-06-14T23:01:40;2022-06-14T12:18:03;2022-06-14T22:26:44;2022-06-14T13:38:32;2022-06-14T22:27:19;2022-06-14T13:17:17;2022-06-15T02:31:48;2022-06-14T11:05:06;2022-06-14T21:22:02;2022-06-14T10:38:34;2022-06-15T00:12:41;2022-06-15T05:32:43;2022-06-14T23:31:37;2022-06-15T04:22:48;2022-06-14T11:06:56;2022-06-14T21:27:21;2022-06-14T08:06:53;2022-06-14T21:00:12;2022-06-15T00:08:28;2022-06-15T01:40:46;2022-06-15T03:06:56;2022-06-14T19:28:39;2022-06-15T02:05:08;2022-06-14T22:08:29;2022-06-14T17:19:54;2022-06-14T16:18:48;2022-06-15T03:55:18;2022-06-15T01:14:26;2022-06-14T21:53:56;2022-06-14T13:51:01;2022-06-14T13:22:12;2022-06-15T00:07:24;2022-06-15T01:02:12;2022-06-15T00:25:08;2022-06-15T05:13:35;2022-06-15T04:36:58;2022-06-15T05:53:29;2022-06-14T22:30:18;2022-06-14T19:13:48;2022-06-15T05:38:09;2022-06-14T15:39:37;2022-06-14T11:24:38;2022-06-14T16:28:32;2022-06-15T06:34:20;2022-06-14T23:12:57;2022-06-14T15:51:50;2022-06-15T02:28:54;2022-06-14T08:02:51;2022-06-15T07:18:53;2022-06-14T21:55:39;2022-06-15T03:12:21;2022-06-14T23:08:51;2022-06-14T17:08:48;2022-06-15T01:43:01;2022-06-14T08:28:23;2022-06-15T06:07:57;2022-06-15T04:53:52
8;2022-06-15T03:31:29;2022-06-14T15:38:12;2022-06-14T15:52:52;2022-06-15T03:50:22;2022-06-15T01:43:01;2022-06-14T10:21:12;2022-06-14T13:12:30;2022-06-14T22:15:10;2022-06-14T12:38:08;2022-06-14T14:03:56;2022-06-15T03:24:08;2022-06-14T17:53:04;2022-06-14T21:34:05;2022-06-14T18:57:28;2022-06-14T21:45:43;2022-06-15T04:02:26;2022-06-14T20:34:25;2022-06-14T21:30:37;2022-06-14T15:33:22;2022-06-14T14:45:08;2022-06-14T23:27:08;2022-06-14T13:27:20;2022-06-14T16:06:43;2022-06-14T11:11:01;2022-06-14T14:49:16;2022-06-14T10:37:32;2022-06-14T11:18:21;2022-06-14T14:50:04;2022-06-15T01:53:56;2022-06-14T07:35:01;2022-06-14T17:30:40;2022-06-14T15:18:12;2022-06-14T15:16:19;2022-06-15T00:01:11;2022-06-14T08:53:35;2022-06-14T12:27:47;2022-06-15T06:30:28;2022-06-15T04:49:27;2022-06-14T07:41:27;2022-06-14T17:49:58;2022-06-14T11:57:51;2022-06-14T09:47:57;2022-06-14T19:16:34;2022-06-15T01:34:47;2022-06-14T20:05:34;2022-06-15T05:02:34;2022-06-14T23:52:24;2022-06-15T02:02:46;2022-06-14T08:20:31;2022-06-14T15:56:57;2022-06-14T16:03:51;2022-06-15T05:02:10;2022-06-15T02:09:56;2022-06-14T17:25:47;2022-06-15T02:04:53;2022-06-14T21:09:00;2022-06-14T19:15:24;2022-06-15T02:08:52;2022-06-14T19:06:43;2022-06-15T04:39:36;2022-06-15T06:42:56;2022-06-14T19:29:52;2022-06-14T15:16:49;2022-06-14T14:41:28;2022-06-15T06:46:17;2022-06-15T06:56:54;2022-06-14T21:37:23;2022-06-14T19:51:57;2022-06-14T20:57:44;2022-06-14T08:39:20;2022-06-14T17:28:01;2022-06-14T14:08:49;2022-06-15T04:04:15;2022-06-14T15:57:30;2022-06-14T22:34:09;2022-06-15T05:21:17;2022-06-14T10:47:21;2022-06-15T06:56:09;2022-06-15T06:37:00;2022-06-14T15:43:58;2022-06-14T11:59:16;2022-06-14T19:45:01;2022-06-14T10:36:41;2022-06-14T13:20:18;2022-06-14T13:24:58;2022-06-14T10:43:35;2022-06-14T07:53:41;2022-06-14T11:13:04;2022-06-15T04:09:30;2022-06-14T21:50:00;2022-06-14T18:40:17;2022-06-14T09:47:38;2022-06-15T02:27:05;2022-06-14T22:40:11;2022-06-14T10:30:26;2022-06-15T01:11:32;2022-06-15T06:05:47;2022-06-14T11:54:24;2022-06-14T20:24:16;2022-06-14T11:54:30;2022-06-14T08:05:22;2022-06-14T08:18:31;2022-06-14T17:46:35;2022-06-14T18:32:42;2022-06-14T17:55:19;2022-06-14T12:06:30;2022-06-14T16:11:21;2022-06-14T14:55:11;2022-06-14T19:05:13;2022-06-14T20:10:59;2022-06-14T08:27:34;2022-06-14T07:32:25;2022-06-15T05:53:38;2022-06-15T00:42:51;2022-06-14T21:49:44;2022-06-14T09:56:03;2022-06-14T09:10:26;2022-06-14T19:01:59;2022-06-15T04:20:14;2022-06-14T12:42:56;2022-06-14T13:15:08;2022-06-14T10:34:25;2022-06-14T10:07:07;2022-06-14T14:20:42;2022-06-15T06:31:03;2022-06-15T00:33:24;2022-06-15T01:16:45;2022-06-14T07:54:14;2022-06-14T14:32:15;2022-06-14T09:36:35;2022-06-14T16:16:53;2022-06-14T10:55:57;2022-06-14T10:33:34;2022-06-14T11:52:35;2022-06-14T20:57:23;2022-06-15T04:31:10;2022-06-14T13:37:16;2022-06-15T01:55:51;2022-06-15T00:47:13;2022-06-15T01:12:26;2022-06-14T12:24:37;2022-06-14T15:17:14;2022-06-14T12:08:27;2022-06-14T23:34:54
9;2022-06-14T20:06:02;2022-06-14T20:59:02;2022-06-14T08:55:38;2022-06-14T13:58:29;2022-06-14T13:04:58;2022-06-14T14:36:24;2022-06-14T10:47:29;2022-06-14T23:27:08;2022-06-14T16:10:10;2022-06-15T04:31:39;2022-06-14T15:49:35;2022-06-14T10:09:35;2022-06-15T06:55:15;2022-06-15T01:49:12;2022-06-14T08:17:19;2022-06-14T09:17:45;2022-06-14T10:07:47;2022-06-14T10:38:29;2022-06-14T17:46:35;2022-06-14T19:30:14;2022-06-14T15:10:55;2022-06-15T06:17:11;2022-06-15T01:56:29;2022-06-14T21:05:02;2022-06-14T22:14:41;2022-06-14T20:28:42;2022-06-14T08:38:23;2022-06-14T21:06:20;2022-06-15T00:19:09;2022-06-14T23:51:03;2022-06-14T08:08:38;2022-06-14T10:54:57;2022-06-14T18:36:33;2022-06-14T12:33:07;2022-06-14T07:28:20;2022-06-15T02:44:07;2022-06-14T21:49:29;2022-06-14T15:55:11;2022-06-14T21:34:49;2022-06-15T05:22:08;2022-06-14T16:43:24;2022-06-15T06:03:38;2022-06-14T18:35:08;2022-06-14T11:17:31;2022-06-14T21:27:34;2022-06-14T13:47:47;2022-06-15T03:59:17;2022-06-15T03:23:53;2022-06-14T09:04:44;2022-06-14T21:56:32;2022-06-15T01:30:49;2022-06-15T02:42:41;2022-06-14T17:40:09;2022-06-14T18:28:42;2022-06-14T13:11:13;2022-06-14T15:22:31;2022-06-14T20:51:31;2022-06-14T10:48:59;2022-06-15T06:19:26;2022-06-14T18:18:13;2022-06-14T15:46:29;2022-06-14T12:26:45;2022-06-14T17:33:00;2022-06-15T05:57:55;2022-06-14T11:11:00;2022-06-14T13:39:44;2022-06-14T07:38:10;2022-06-14T14:35:37;2022-06-14T14:43:39;2022-06-14T21:42:28;2022-06-14T16:54:46;2022-06-15T04:16:38;2022-06-14T16:20:04;2022-06-14T15:38:15;2022-06-15T07:22:10;2022-06-14T16:54:23;2022-06-15T07:01:33;2022-06-15T00:27:06;2022-06-14T15:56:58;2022-06-14T10:03:33;2022-06-14T11:47:54;2022-06-14T13:18:01;2022-06-14T23:22:15;2022-06-15T03:58:48;2022-06-14T23:21:18;2022-06-14T09:11:30;2022-06-15T01:06:16;2022-06-14T22:27:44;2022-06-14T12:00:18;2022-06-14T17:00:18;2022-06-15T01:20:20;2022-06-14T20:42:54;2022-06-14T08:29:44;2022-06-14T11:52:27;2022-06-14T13:14:56;2022-06-15T04:41:34;2022-06-14T13:11:33;2022-06-14T16:52:48;2022-06-14T18:09:57;2022-06-14T09:59:30;2022-06-14T15:39:40;2022-06-15T01:13:45;2022-06-14T18:07:56;2022-06-14T07:29:18;2022-06-14T20:38:19;2022-06-14T16:21:15;2022-06-14T20:02:55;2022-06-15T01:03:23;2022-06-14T09:14:55;2022-06-14T11:56:38;2022-06-14T08:52:03;2022-06-14T21:54:31;2022-06-15T05:02:49;2022-06-14T12:18:03;2022-06-14T07:45:05;2022-06-14T08:50:27;2022-06-14T19:52:33;2022-06-14T20:05:09;2022-06-14T17:01:25;2022-06-15T05:43:24;2022-06-15T00:39:57;2022-06-15T03:30:49;2022-06-15T01:48:39;2022-06-14T12:45:47;2022-06-14T11:13:09;2022-06-14T12:01:57;2022-06-14T09:15:05;2022-06-14T18:47:44;2022-06-15T04:52:04;2022-06-14T16:06:10;2022-06-15T02:11:44;2022-06-14T17:57:16;2022-06-15T05:10:32;2022-06-15T04:00:00;2022-06-15T00:45:58;2022-06-14T10:49:46;2022-06-15T06:17:24;2022-06-15T04:19:12;2022-06-15T00:02:34;2022-06-15T02:11:19;2022-06-14T17:20:02;2022-06-14T10:20:57;2022-06-15T04:09:09;2022-06-14T23:37:56
10;2022-06-14T16:25:27;2022-06-15T07:21:48;2022-06-14T18:33:18;2022-06-15T04:35:52;2022-06-14T12:51:17;2022-06-15T06:15:58;2022-06-14T12:41:30;2022-06-15T06:25:30;2022-06-15T06:18:29;2022-06-14T14:18:47;2022-06-14T22:15:39;2022-06-14T19:24:09;2022-06-14T12:40:20;2022-06-15T06:27:42;2022-06-14T09:22:33;2022-06-15T00:12:24;2022-06-15T06:57:51;2022-06-14T09:49:49;2022-06-15T06:12:24;2022-06-15T02:34:53;2022-06-15T03:46:09;2022-06-15T02:25:04;2022-06-15T06:38:11;2022-06-14T12:35:25;2022-06-14T17:29:01;2022-06-14T14:10:07;2022-06-14T22:36:36;2022-06-14T23:43:58;2022-06-14T19:19:53;2022-06-15T04:30:38;2022-06-14T21:36:27;2022-06-14T21:29:06;2022-06-15T01:23:19;2022-06-15T03:57:25;2022-06-14T17:39:30;2022-06-14T18:03:54;2022-06-14T23:57:17;2022-06-15T05:37:37;2022-06-14T12:45:33;2022-06-15T03:55:05;2022-06-14T18:30:04;2022-06-14T22:40:33;2022-06-14T23:36:29;2022-06-14T19:24:02;2022-06-14T12:57:24;2022-06-14T10:54:12;2022-06-14T13:04:47;2022-06-15T03:19:39;2022-06-14T22:43:11;2022-06-14T22:19:37;2022-06-14T19:12:48;2022-06-15T01:36:13;2022-06-15T05:01:41;2022-06-14T22:32:39;2022-06-14T08:37:08;2022-06-14T09:48:02;2022-06-15T02:53:52;2022-06-14T10:24:24;2022-06-14T09:52:55;2022-06-14T21:27:31;2022-06-14T20:14:03;2022-06-14T08:17:42;2022-06-14T12:40:00;2022-06-15T01:48:09;2022-06-14T14:14:21;2022-06-14T17:22:55;2022-06-14T18:17:04;2022-06-14T18:37:00;2022-06-14T09:12:03;2022-06-14T13:22:42;2022-06-15T05:49:07;2022-06-14T12:06:23;2022-06-14T22:33:46;2022-06-15T07:23:09;2022-06-14T21:43:41;2022-06-14T13:29:27;2022-06-14T09:21:38;2022-06-15T01:05:03;2022-06-14T18:15:45;2022-06-14T10:20:26;2022-06-14T11:00:51;2022-06-14T21:42:35;2022-06-14T08:02:59;2022-06-15T04:55:36;2022-06-14T12:42:34;2022-06-14T22:20:57;2022-06-15T06:39:52;2022-06-14T09:37:21;2022-06-14T18:44:51;2022-06-15T07:13:20;2022-06-14T15:53:16;2022-06-14T22:17:22;2022-06-14T15:59:53;2022-06-14T18:30:00;2022-06-14T13:35:29;2022-06-14T21:36:34;2022-06-15T05:03:04;2022-06-14T20:34:56;2022-06-15T07:18:48;2022-06-14T12:44:43;2022-06-14T17:11:30;2022-06-14T10:52:16;2022-06-14T21:05:03;2022-06-14T10:43:11;2022-06-15T01:20:03;2022-06-14T17:12:07;2022-06-14T14:05:18;2022-06-14T13:55:35;2022-06-14T09:06:03;2022-06-14T22:17:57;2022-06-14T09:00:59;2022-06-14T12:19:44;2022-06-14T17:15:32;2022-06-14T19:00:51;2022-06-15T04:04:43;2022-06-14T14:15:49;2022-06-14T23:50:39;2022-06-14T19:22:16;2022-06-14T15:18:34;2022-06-15T06:12:46;2022-06-14T11:17:52;2022-06-15T03:18:10;2022-06-14T23:37:08;2022-06-14T21:52:40;2022-06-15T06:31:56;2022-06-15T04:08:58;2022-06-14T17:43:27;2022-06-15T03:42:52;2022-06-15T00:54:43;2022-06-14T15:24:35;2022-06-14T13:46:54;2022-06-14T08:17:13;2022-06-15T01:03:20;2022-06-14T11:16:17;2022-06-15T00:01:59;2022-06-14T14:09:09;2022-06-15T03:35:23;2022-06-15T03:47:23;2022-06-14T10:47:23;2022-06-15T06:17:50;2022-06-15T06:15:46;2022-06-15T06:44:16;2022-06-14T16:15:09;2022-06-15T01:56:07
